action,distance_to_goal,experiment,gamma,loss,orientation,reward,signal1,signal2,signal3,speed,time
-15,992.979858808828,1,0.96,,0.08788441081944523,-0.3,0.0,0.0,0.0,5,1
-15,987.9804757970984,1,0.96,,0.004988005386969995,-0.3,0.0,0.0,0.0,5,2
-15,983.1318193616936,1,0.96,,-0.0783200855383587,-0.3,0.0,0.0,0.0,5,3
-15,978.7689061253316,1,0.96,,-0.16204773139542522,-0.3,0.0,0.0,0.0,5,4
-15,975.1973827897856,1,0.96,,-0.2461735826135513,-0.3,0.0,0.0,0.0,5,5
-15,972.670472550892,1,0.96,,-0.3306469808991584,-0.3,0.0,0.0,0.0,5,6
-15,971.3690040479947,1,0.96,,-0.415390413415601,-0.3,0.0,0.0,0.0,5,7
-15,971.3866580879286,1,0.96,,-0.5003046712591236,-0.3,0.0,0.0,0.0,5,8
-15,972.7221614178962,1,0.96,,-0.5852764414770733,-0.3,0.0,0.0,0.0,5,9
-15,975.2793935737443,1,0.96,,-0.6701875961557222,-0.3,0.0,0.0,0.0,5,10
-15,978.8753933454532,1,0.96,,-0.7549250811862181,-0.3,0.0,0.0,0.0,5,11
-15,983.255275005892,1,0.96,,-0.8393901734056006,-0.3,0.0,0.0,0.0,5,12
-15,988.1123093185877,1,0.96,,-0.9235060157650564,-0.3,0.0,0.0,0.0,5,13
-15,993.1110286723492,1,0.96,,0.992777294342142,-0.3,0.0,0.0,0.0,5,14
-15,997.9111992484494,1,0.96,,0.9094803219276076,-0.3,0.0,0.0,0.0,5,15
-15,1002.1907823509123,1,0.96,,0.8265944461520501,-0.3,0.0,1.0,0.0,5,16
4,1005.6664459088133,1,0.96,,0.7440840852291359,-0.3,1.0,1.0,0.0,5,17
4,1009.3958643480652,1,0.96,,0.7674459678248224,-0.3,1.0,1.0,0.0,5,18
4,1013.358171359736,1,0.96,,0.7907203614997788,-0.3,1.0,1.0,1.0,5,19
9,1017.5314593449212,1,0.96,,0.8139023873650028,-0.3,1.0,1.0,1.0,5,20
9,1022.0890373479663,1,0.96,,0.8647656331956773,-0.3,1.0,1.0,1.0,5,21
9,1026.914349048211,1,0.96,,0.9154074693758564,-0.9,1.0,1.0,1.0,5,22
9,1022.4379238112947,1,0.96,,0.9165864466614968,-0.3,1.0,1.0,1.0,5,23
-15,1027.4308379705028,1,0.96,,-0.983010290876868,-0.9,1.0,1.0,1.0,5,24
-15,1023.5211316440049,1,0.96,,-0.9823449911168242,-0.3,1.0,1.0,1.0,5,25
9,1027.985058149973,1,0.96,,0.8509021399985793,-0.9,1.0,1.0,1.0,5,26
9,1024.1595180533789,1,0.96,,0.8523095033974609,-0.3,1.0,1.0,1.0,5,27
9,1029.1053863825916,1,0.96,,0.95300494295991,-0.9,1.0,1.0,1.0,5,28
9,1026.0767612607888,1,0.96,,0.9539260467520964,-0.3,1.0,1.0,1.0,5,29
-15,1031.004933968624,1,0.96,,-0.9458502212502232,-0.9,1.0,1.0,1.0,5,30
-15,1026.7505183306,1,0.96,,-0.945307362292736,-0.3,1.0,1.0,1.0,5,31
9,1031.4443374833727,1,0.96,,0.8877609410906209,-0.9,1.0,1.0,1.0,5,32
9,1027.4751359429256,1,0.96,,0.8890623570156788,-0.3,1.0,1.0,1.0,5,33
9,1032.4724759397948,1,0.96,,0.9895913499628208,-0.9,1.0,1.0,1.0,5,34
9,1029.019439377863,1,0.96,,0.9904019801609274,-0.3,1.0,1.0,1.0,5,35
-15,1033.8198873320953,1,0.96,,-0.9095513901781532,-0.9,1.0,1.0,1.0,5,36
-15,1029.2543458008424,1,0.96,,-0.9091371759678746,-0.3,1.0,1.0,1.0,5,37
9,1034.1122944769204,1,0.96,,0.9237607261587184,-0.9,1.0,1.0,1.0,5,38
9,1030.0247980350482,1,0.96,,0.92494098906008,-0.3,1.0,1.0,1.0,5,39
-15,1035.0090864422439,1,0.96,,-0.9746980227264942,-0.9,1.0,1.0,1.0,5,40
-15,1031.156193218424,1,0.96,,-0.9740062243972428,-0.3,1.0,1.0,1.0,5,41
9,1035.6771832387692,1,0.96,,0.8592012070820354,-0.9,1.0,1.0,1.0,5,42
9,1031.9704582651666,1,0.96,,0.860628531886028,-0.3,1.0,1.0,1.0,5,43
9,1036.9336937380922,1,0.96,,0.9612824308187968,-0.9,1.0,1.0,1.0,5,44
9,1033.982780099389,1,0.96,,0.9622205749733712,-0.3,1.0,1.0,1.0,5,45
-15,1038.8874605718634,1,0.96,,-0.9375971647795478,-0.9,1.0,1.0,1.0,5,46
-15,1034.679525786193,1,0.96,,-0.9370245860597836,-0.3,1.0,1.0,1.0,5,47
9,1039.4162881893558,1,0.96,,0.8960064053618587,-0.9,1.0,1.0,1.0,5,48
9,1035.556690116769,1,0.96,,0.89732910929955,-0.3,1.0,1.0,1.0,5,49
9,1040.5565730219694,1,0.96,,0.997816286294228,-0.9,1.0,1.0,1.0,5,50
9,1037.1719429895977,1,0.96,,0.9986477895023111,-0.3,1.0,1.0,1.0,5,51
-15,1041.9348310478115,1,0.96,,-0.9013456917789756,-0.9,1.0,1.0,1.0,5,52
-15,1037.4050033893252,1,0.96,,-0.9008986310560576,-0.3,1.0,1.0,1.0,5,53
9,1042.2917661471358,1,0.96,,0.931964740402945,-0.9,1.0,1.0,1.0,5,54
9,1038.303533770085,1,0.96,,0.9331677284227424,-0.3,1.0,1.0,1.0,5,55
-15,1043.2760221417732,1,0.96,,-0.9665127969115992,-0.9,1.0,1.0,1.0,5,56
-15,1039.4816255501164,1,0.96,,-0.965796307184404,-0.3,1.0,1.0,1.0,5,57
9,1044.0558141861445,1,0.96,,0.8673728197309231,-0.9,1.0,1.0,1.0,5,58
9,1040.4685012999769,1,0.96,,0.8688174356773165,-0.3,1.0,1.0,1.0,5,59
9,1045.4455706968663,1,0.96,,0.9694301433537684,-0.9,1.0,1.0,1.0,5,60
9,1042.5730795668026,1,0.96,,0.9703834464756604,-0.3,1.0,1.0,1.0,5,61
-15,1047.4514331232626,1,0.96,,-0.9294747225021772,-0.9,1.0,1.0,1.0,5,62
-15,1043.2919928873407,1,0.96,,-0.9288741821061256,-0.3,1.0,1.0,1.0,5,63
9,1048.0679301137288,1,0.96,,0.9041211086080972,-0.9,1.0,1.0,1.0,5,64
9,1044.3186913308484,1,0.96,,0.90546253317422,-0.3,1.0,1.0,1.0,5,65
-15,1049.3178340702657,1,0.96,,-0.9940914641396364,-0.9,1.0,1.0,1.0,5,66
-15,1046.002695591563,1,0.96,,-0.9932409461591132,-0.3,1.0,1.0,1.0,5,67
9,1050.3874435900016,1,0.96,,0.8400600806325659,-0.9,1.0,1.0,1.0,5,68
9,1047.1435688124018,1,0.96,,0.8416088315244882,-0.3,1.0,1.0,1.0,5,69
9,1052.0621293844079,1,0.96,,0.9423343065726985,-0.9,1.0,1.0,1.0,5,70
9,1049.758933793975,1,0.96,,0.9433939617587774,-0.3,1.0,1.0,1.0,5,71
-15,1054.7121909564455,1,0.96,,-0.9563378425768018,-0.9,1.0,1.0,1.0,5,72
-15,1050.993983697273,1,0.96,,-0.9555926975287656,-0.3,1.0,1.0,1.0,5,73
9,1055.6301119962015,1,0.96,,0.8775300570713391,-0.9,1.0,1.0,1.0,5,74
9,1052.1944586055895,1,0.96,,0.8789928291018471,-0.3,1.0,1.0,1.0,5,75
9,1057.18419627363,1,0.96,,0.9795541017848168,-0.9,1.0,1.0,1.0,5,76
9,1054.4117397091923,1,0.96,,0.9805239502897158,-0.3,1.0,1.0,1.0,5,77
-15,1059.2529800066516,1,0.96,,-0.9193837522735688,-0.9,1.0,1.0,1.0,5,78
-15,1055.1575397189133,1,0.96,,-0.9187503628276286,-0.3,1.0,1.0,1.0,5,79
9,1059.9778407732963,1,0.96,,0.9142021257966441,-0.9,1.0,1.0,1.0,5,80
9,1056.369041318058,1,0.96,,0.9155636544273792,0.2,1.0,1.0,1.0,5,81
9,1058.2322108002274,1,0.96,,0.9135942405669948,-0.9,1.0,1.0,1.0,5,82
9,1055.4821876158258,1,0.96,,0.9148566483183876,-0.3,1.0,1.0,1.0,5,83
-15,1060.1594687706224,1,0.96,,-0.8847448054727037,-0.9,1.0,1.0,1.0,5,84
-15,1056.3752404364436,1,0.96,,-0.8843111301415983,-0.3,1.0,1.0,1.0,5,85
9,1061.3102133020104,1,0.96,,0.9484866040903523,-0.9,1.0,1.0,1.0,5,86
9,1054.5572671596365,1,0.96,,0.9473561147421344,-0.3,1.0,1.0,1.0,5,87
-15,1059.5017170738506,1,0.96,,-0.9523954197136908,-0.9,1.0,1.0,1.0,5,88
-15,1055.8140501951616,1,0.96,,-0.9516398021621462,-0.3,1.0,1.0,1.0,5,89
9,1060.4729173319279,1,0.96,,0.8814653926376099,-0.9,1.0,1.0,1.0,5,90
9,1054.2796186334263,1,0.96,,0.8806894480754677,-0.3,1.0,1.0,1.0,5,91
9,1059.270980338272,1,0.96,,0.981242130845722,-0.9,1.0,1.0,1.0,5,92
9,1056.515476064216,1,0.96,,0.982214486846134,0.2,1.0,1.0,1.0,5,93
9,1058.894558934699,1,0.96,,0.9802057627440685,-0.9,1.0,1.0,1.0,5,94
9,1055.3312944966267,1,0.96,,0.9812666437695546,-0.3,1.0,1.0,1.0,5,95
-15,1059.5449210021677,1,0.96,,-0.8186446516491382,-0.9,1.0,1.0,1.0,5,96
-15,1054.902561859728,1,0.96,,-0.8184514920436787,-0.3,1.0,1.0,1.0,5,97
-15,1059.8977029997247,1,0.96,,-0.9859327580158092,-0.9,1.0,1.0,1.0,5,98
5,1055.8636300863413,1,0.96,,-0.9849748989822196,-0.3,1.0,1.0,1.0,5,99
9,1060.8232010642873,1,0.96,,0.9593984211154496,-0.9,1.0,1.0,1.0,5,100
9,1054.5828702329918,1,0.96,,0.9584672258532456,-0.3,1.0,1.0,1.0,5,101
-15,1059.498592977166,1,0.96,,-0.941336416750562,-0.9,1.0,1.0,1.0,5,102
-15,1055.6705404880597,1,0.96,,-0.9406204910983008,-0.3,1.0,1.0,1.0,5,103
9,1060.3890493937038,1,0.96,,0.8924332298142293,-0.9,1.0,1.0,1.0,5,104
9,1054.3403982014092,1,0.96,,0.8918005591865786,-0.3,1.0,1.0,1.0,5,105
9,1059.3389437094638,1,0.96,,0.9923038494224924,-0.9,1.0,1.0,1.0,5,106
9,1056.418342146955,1,0.96,,0.9932428543431828,0.2,1.0,1.0,1.0,5,107
9,1058.9662232984897,1,0.96,,0.9913096826332356,-0.9,1.0,1.0,1.0,5,108
9,1055.2818801511846,1,0.96,,0.9923321880618484,-0.3,1.0,1.0,1.0,5,109
-15,1059.4000663402687,1,0.96,,-0.8076314848177288,-0.9,1.0,1.0,1.0,5,110
-15,1054.6339951533114,1,0.96,,-0.8074796703086943,-0.3,1.0,1.0,1.0,5,111
-15,1059.6186598796812,1,0.96,,-0.9750044346742366,-0.9,1.0,1.0,1.0,5,112
-15,1055.560148014771,1,0.96,,-0.9740985431413762,-0.3,1.0,1.0,1.0,5,113
9,1060.080491273394,1,0.96,,0.8591122349631748,-0.9,1.0,1.0,1.0,5,114
9,1054.141196541933,1,0.96,,0.8584672258532456,-0.3,1.0,1.0,1.0,5,115
9,1059.1002054864914,1,0.96,,0.9591166415677636,-0.9,1.0,1.0,1.0,5,116
9,1056.6849546922708,1,0.96,,0.960152042502487,0.2,1.0,1.0,1.0,5,117
9,1058.7175613734469,1,0.96,,0.957999677265455,-0.9,1.0,1.0,1.0,5,118
9,1055.4095014760987,1,0.96,,0.9591333780210508,-0.3,1.0,1.0,1.0,5,119
-15,1059.7988383977793,1,0.96,,-0.8406735478724608,-0.9,1.0,1.0,1.0,5,120
-15,1055.4211279263627,1,0.96,,-0.8403985764717008,-0.3,1.0,1.0,1.0,5,121
9,1060.4196377160924,1,0.96,,0.9922099386350928,-0.9,1.0,1.0,1.0,5,122
9,1056.4499511847048,1,0.96,,0.9932680575476728,0.2,1.0,1.0,1.0,5,123
9,1058.9662232984897,1,0.96,,0.9913096826332356,-0.9,1.0,1.0,1.0,5,124
9,1055.2818801511846,1,0.96,,0.9923321880618484,-0.3,1.0,1.0,1.0,5,125
-15,1059.4000663402687,1,0.96,,-0.8076314848177288,-0.9,1.0,1.0,1.0,5,126
-15,1054.6339951533114,1,0.96,,-0.8074796703086943,-0.3,1.0,1.0,1.0,5,127
-15,1059.6186598796812,1,0.96,,-0.9750044346742366,-0.9,1.0,1.0,1.0,5,128
-15,1055.560148014771,1,0.96,,-0.9740985431413762,-0.3,1.0,1.0,1.0,5,129
9,1060.080491273394,1,0.96,,0.8591122349631748,-0.9,1.0,1.0,1.0,5,130
9,1054.141196541933,1,0.96,,0.8584672258532456,-0.3,1.0,1.0,1.0,5,131
9,1059.1002054864914,1,0.96,,0.9591166415677636,-0.9,1.0,1.0,1.0,5,132
9,1056.6849546922708,1,0.96,,0.960152042502487,0.2,1.0,1.0,1.0,5,133
9,1058.7175613734469,1,0.96,,0.957999677265455,-0.9,1.0,1.0,1.0,5,134
9,1055.4095014760987,1,0.96,,0.9591333780210508,-0.3,1.0,1.0,1.0,5,135
-15,1059.7988383977793,1,0.96,,-0.8406735478724608,-0.9,1.0,1.0,1.0,5,136
-15,1055.4211279263627,1,0.96,,-0.8403985764717008,-0.3,1.0,1.0,1.0,5,137
-17,1060.4196377160924,1,0.96,,0.9922099386350928,-0.9,1.0,1.0,1.0,5,138
9,1056.4499511847048,1,0.96,,0.9932680575476728,0.2,1.0,1.0,1.0,5,139
9,1058.9662232984897,1,0.96,,0.9913096826332356,-0.9,1.0,1.0,1.0,5,140
9,1055.2818801511846,1,0.96,,0.9923321880618484,-0.3,1.0,1.0,1.0,5,141
-15,1060.225583144929,1,0.96,,-0.9520759292621732,-0.9,1.0,1.0,1.0,5,142
-15,1056.2544094869097,1,0.96,,-0.951286892671258,-0.3,1.0,1.0,1.0,5,143
9,1060.9152723823238,1,0.96,,0.8818167460536199,-0.9,1.0,1.0,1.0,5,144
9,1054.2796186334263,1,0.96,,0.8806894480754677,-0.3,1.0,1.0,1.0,5,145
9,1059.270980338272,1,0.96,,0.981242130845722,-0.9,1.0,1.0,1.0,5,146
9,1056.515476064216,1,0.96,,0.982214486846134,0.2,1.0,1.0,1.0,5,147
9,1058.894558934699,1,0.96,,0.9802057627440685,-0.9,1.0,1.0,1.0,5,148
9,1055.3312944966267,1,0.96,,0.9812666437695546,-0.3,1.0,1.0,1.0,5,149
8,1059.5449210021677,1,0.96,,-0.8186446516491382,-0.9,1.0,1.0,1.0,5,150
-15,1054.902561859728,1,0.96,,-0.8184514920436787,-0.3,1.0,1.0,1.0,5,151
-15,1059.4164734259132,1,0.96,,-0.8581549802380315,-0.9,1.0,1.0,1.0,5,152
-15,1054.6817227781974,1,0.96,,-0.8577587508241761,-0.3,1.0,1.0,1.0,5,153
9,1059.666286812739,1,0.96,,0.9749224690911812,-0.9,1.0,1.0,1.0,5,154
9,1055.7478119751386,1,0.96,,0.976050195487268,-0.3,1.0,1.0,1.0,5,155
-15,1060.6060245379995,1,0.96,,-0.9238364857165507,-0.9,1.0,1.0,1.0,5,156
-3,1056.5825692768287,1,0.96,,-0.9231789812423148,0.2,1.0,1.0,1.0,5,157
-15,1059.1382452799703,1,0.96,,-0.9253914360120652,-0.9,1.0,1.0,1.0,5,158
-15,1054.7003370381374,1,0.96,,-0.9246930815398772,-0.3,1.0,1.0,1.0,5,159
9,1058.8243408833605,1,0.96,,0.8082865665635336,-0.9,1.0,1.0,1.0,5,160
9,1055.6391195177346,1,0.96,,0.809973903316735,0.2,1.0,1.0,1.0,5,161
9,1056.4344118336312,1,0.96,,0.8081630807935317,-0.3,1.0,1.0,1.0,5,162
9,1061.3932206859176,1,0.96,,0.959017053378184,-0.9,1.0,1.0,1.0,5,163
9,1054.5828702329918,1,0.96,,0.9584672258532456,-0.3,1.0,1.0,1.0,5,164
-15,1059.498592977166,1,0.96,,-0.941336416750562,-0.9,1.0,1.0,1.0,5,165
-15,1055.6705404880597,1,0.96,,-0.9406204910983008,-0.3,1.0,1.0,1.0,5,166
9,1060.3890493937038,1,0.96,,0.8924332298142293,-0.9,1.0,1.0,1.0,5,167
2,1054.3403982014092,1,0.96,,0.8918005591865786,-0.3,1.0,1.0,1.0,5,168
9,1059.2871979601966,1,0.96,,0.9534149605336034,-0.9,1.0,1.0,1.0,5,169
9,1056.564380109847,1,0.96,,0.9545098971346736,0.2,1.0,1.0,1.0,5,170
9,1058.6663755958607,1,0.96,,0.9524485144417656,-0.9,1.0,1.0,1.0,5,171
9,1055.4247195104842,1,0.96,,0.9535995685805302,-0.3,1.0,1.0,1.0,5,172
-15,1059.8547469907858,1,0.96,,-0.8461813903093311,-0.9,1.0,1.0,1.0,5,173
-15,1055.5466689678951,1,0.96,,-0.8458861859723581,-0.3,1.0,1.0,1.0,5,174
9,1060.5423551256142,1,0.96,,0.986745316483201,-0.9,1.0,1.0,1.0,5,175
9,1056.591959812785,1,0.96,,0.9878276890805364,0.2,1.0,1.0,1.0,5,176
9,1058.9318040651194,1,0.96,,0.9857576486567688,-0.9,1.0,1.0,1.0,5,177
9,1055.307440571811,1,0.96,,0.9867995009268228,-0.3,1.0,1.0,1.0,5,178
-15,1059.4739676197016,1,0.96,,-0.8131379736173188,-0.9,1.0,1.0,1.0,5,179
-8,1054.7690184639605,1,0.96,,-0.8129654552897334,-0.3,1.0,1.0,1.0,5,180
-15,1059.6854367772696,1,0.96,,-0.9415797029333388,-0.9,1.0,1.0,1.0,5,181
-15,1055.4276950397984,1,0.96,,-0.9408159565567901,-0.3,1.0,1.0,1.0,5,182
9,1060.1451943433638,1,0.96,,0.8922386100078369,-0.9,1.0,1.0,1.0,5,183
9,1054.3403982014092,1,0.96,,0.8918005591865786,-0.3,1.0,1.0,1.0,5,184
9,1059.3389437094638,1,0.96,,0.9923038494224924,-0.9,1.0,1.0,1.0,5,185
9,1056.418342146955,1,0.96,,0.9932428543431828,0.2,1.0,1.0,1.0,5,186
9,1058.9662232984897,1,0.96,,0.9913096826332356,-0.9,1.0,1.0,1.0,5,187
12,1055.2818801511846,1,0.96,,0.9923321880618484,-0.3,1.0,1.0,1.0,5,188
-15,1059.246324295163,1,0.96,,-0.790964818151062,-0.9,1.0,1.0,1.0,5,189
-15,1054.3918928743938,1,0.96,,-0.7908845295972513,-0.3,1.0,1.0,1.0,5,190
-15,1059.3496028200104,1,0.96,,-0.95847303082889,-0.9,1.0,1.0,1.0,5,191
-15,1055.2654251530894,1,0.96,,-0.9576468017834812,-0.3,1.0,1.0,1.0,5,192
9,1059.889455964204,1,0.96,,0.875486447570137,-0.9,1.0,1.0,1.0,5,193
19,1054.247106162472,1,0.96,,0.8751338925199121,-0.3,1.0,1.0,1.0,5,194
-15,1059.2231177565886,1,0.96,,-0.9687334183738174,-0.9,1.0,1.0,1.0,5,195
13,265.84393918237066,2,0.96,,0.08083129316734634,-0.3,0.0,0.0,0.0,5,1
13,261.4322773692181,2,0.96,,0.15455751155290012,-0.3,0.0,0.0,0.0,5,2
13,257.6989441858906,2,0.96,,0.22962095637017105,-0.3,0.0,0.0,0.0,5,3
13,254.8687442293512,2,0.96,,0.30592203472344714,-0.3,0.0,0.0,0.0,5,4
13,253.1189238471497,2,0.96,,0.38326386227288267,-0.3,0.0,0.0,0.0,5,5
13,252.5621676923205,2,0.96,,0.4613560489733669,-0.3,0.0,0.0,0.0,5,6
13,253.2348423164189,2,0.96,,0.5398339062418621,-0.3,0.0,0.0,0.0,5,7
13,255.09304097778323,2,0.96,,0.6182922548376879,-0.3,0.0,0.0,0.0,5,8
13,258.01734898171327,2,0.96,,0.6963280017173191,-0.3,0.0,0.0,0.0,5,9
13,261.8252255919001,2,0.96,,0.7735822515891635,-0.3,0.0,0.0,0.0,5,10
13,266.28833990506814,2,0.96,,0.8497729059475169,-0.3,0.0,0.0,1.0,5,11
4,271.1516640192536,2,0.96,,0.9247123655712516,-0.3,1.0,0.0,1.0,5,12
4,276.08706677060354,2,0.96,,0.9483099777667486,-0.3,1.0,0.0,1.0,5,13
4,281.06734485515454,2,0.96,,0.9714642106129008,-0.3,1.0,0.0,1.0,5,14
4,286.0665274895559,2,0.96,,0.9941933859709716,-0.3,1.0,1.0,1.0,5,15
-8,291.05991310780337,2,0.96,,-0.9834829068106741,-0.3,1.0,1.0,1.0,5,16
13,296.04061973013575,2,0.96,,0.9717890355884462,-0.3,1.0,1.0,1.0,5,17
-8,300.9926726889523,2,0.96,,-0.9555128943567212,-0.3,1.0,1.0,1.0,5,18
13,305.9926610011899,2,0.96,,0.9993060575677284,-0.9,1.0,1.0,1.0,5,19
13,308.2799993351027,2,0.96,,0.9927344575951479,-0.3,1.0,1.0,1.0,5,20
-8,312.8290353796822,2,0.96,,-0.8627032681998921,-0.3,1.0,1.0,1.0,5,21
-8,317.630424417055,2,0.96,,-0.909274751457352,-0.9,1.0,1.0,1.0,5,22
-8,313.7852709421051,2,0.96,,-0.9070666061281428,-0.3,1.0,1.0,1.0,5,23
-8,318.7851087013501,2,0.96,,-0.9974153955559294,-0.9,1.0,1.0,1.0,5,24
-8,314.92605617823403,2,0.96,,-0.9936860600463168,0.2,1.0,1.0,1.0,5,25
13,317.37472005161345,2,0.96,,0.9999806246645508,-0.9,1.0,1.0,1.0,5,26
-8,313.7970334015219,2,0.96,,-0.9964392384434008,-0.3,1.0,1.0,1.0,5,27
13,318.7166446689876,2,0.96,,0.9423929149296436,-0.9,1.0,1.0,1.0,5,28
13,312.9959085828632,2,0.96,,0.9406635577387504,-0.3,1.0,1.0,1.0,5,29
-8,317.81712061481016,2,0.96,,-0.9139495976759408,-0.9,1.0,1.0,1.0,5,30
-8,314.17403719769493,2,0.96,,-0.9117199076685696,-0.3,1.0,1.0,1.0,5,31
13,319.17394045427613,2,0.96,,0.9980041856130604,-0.9,1.0,1.0,1.0,5,32
-8,315.3679514093768,2,0.96,,-0.9981871873035788,0.2,1.0,1.0,1.0,5,33
9,317.34300492354265,2,0.96,,0.9944378161329128,-0.9,1.0,1.0,1.0,5,34
13,313.82829697800065,2,0.96,,0.9980819000087108,-0.3,1.0,1.0,1.0,5,35
-8,318.3046182165697,2,0.96,,-0.8518875404718865,-0.9,1.0,1.0,1.0,5,36
-8,313.9161019430228,2,0.96,,-0.8503946452281351,-0.3,1.0,1.0,1.0,5,37
-8,318.83343313066337,2,0.96,,-0.9415796758437672,-0.9,1.0,1.0,1.0,5,38
-8,314.6286797251347,2,0.96,,-0.9386296919696197,-0.3,1.0,1.0,1.0,5,39
13,319.60898115835863,2,0.96,,0.9715121670936004,-0.9,1.0,1.0,1.0,5,40
13,313.0569953987732,2,0.96,,0.9684413355165284,-0.3,1.0,1.0,1.0,5,41
-8,317.74788486875684,2,0.96,,-0.8866110049403073,-0.9,1.0,1.0,1.0,5,42
-8,313.7283064638819,2,0.96,,-0.8847113591019234,-0.3,1.0,1.0,1.0,5,43
-8,318.7136132608628,2,0.96,,-0.9753977443515776,-0.9,1.0,1.0,1.0,5,44
-8,314.69771836906466,2,0.96,,-0.97197046549365,-0.3,1.0,1.0,1.0,5,45
13,319.6067077350749,2,0.96,,0.9386958801799624,-0.9,1.0,1.0,1.0,5,46
13,312.97925295271995,2,0.96,,0.9351080021831948,-0.3,1.0,1.0,1.0,5,47
-8,317.82235447682774,2,0.96,,-0.9194180354292801,-0.9,1.0,1.0,1.0,5,48
-8,314.2582334868038,2,0.96,,-0.9171245048775176,-0.3,1.0,1.0,1.0,5,49
13,319.25693317129003,2,0.96,,0.9926828604865056,-0.9,1.0,1.0,1.0,5,50
13,313.079041819602,2,0.96,,0.9906635577387504,-0.3,1.0,1.0,1.0,5,51
-8,317.6410829456063,2,0.96,,-0.864742912399323,-0.9,1.0,1.0,1.0,5,52
-8,313.3437228224648,2,0.96,,-0.863119079134015,-0.3,1.0,1.0,1.0,5,53
-8,318.2926969506873,2,0.96,,-0.9541254836826648,-0.9,1.0,1.0,1.0,5,54
-8,314.1337867930753,2,0.96,,-0.9510244352650508,-0.3,1.0,1.0,1.0,5,55
13,319.09362729326267,2,0.96,,0.9593102135823759,-0.9,1.0,1.0,1.0,5,56
13,313.037014426067,2,0.96,,0.9573302244054172,-0.3,1.0,1.0,1.0,5,57
-8,317.7841794687422,2,0.96,,-0.8975458247822091,-0.9,1.0,1.0,1.0,5,58
-8,313.91143729228975,2,0.96,,-0.8955120735148147,-0.3,1.0,1.0,1.0,5,59
-8,318.9067018646355,2,0.96,,-0.9860355312164596,-0.9,1.0,1.0,1.0,5,60
-8,314.9707155241772,2,0.96,,-0.9824520384214463,0.2,1.0,1.0,1.0,5,61
-8,317.4297373794517,2,0.96,,-0.9889321306889668,-0.9,1.0,1.0,1.0,5,62
-8,313.7295402699672,2,0.96,,-0.9854831671057817,-0.3,1.0,1.0,1.0,5,63
13,318.0938704325428,2,0.96,,0.8365077762510579,-0.9,1.0,1.0,1.0,5,64
13,312.4349656910987,2,0.96,,0.8351080021831949,-0.3,1.0,1.0,1.0,5,65
13,317.4271644998405,2,0.96,,0.9820748470643742,-0.9,1.0,1.0,1.0,5,66
13,313.071009954125,2,0.96,,0.9795524466276392,-0.3,1.0,1.0,1.0,5,67
-8,317.7001683600605,2,0.96,,-0.8756767692736636,-0.9,1.0,1.0,1.0,5,68
-8,313.53899035574767,2,0.96,,-0.8739138195000857,-0.3,1.0,1.0,1.0,5,69
-8,318.5088612127095,2,0.96,,-0.964761244445176,-0.9,1.0,1.0,1.0,5,70
-8,314.418617550088,2,0.96,,-0.9614948490085408,-0.3,1.0,1.0,1.0,5,71
13,319.35558724268776,2,0.96,,0.9490054309909703,-0.9,1.0,1.0,1.0,5,72
13,313.0110902399445,2,0.96,,0.9462191132943062,-0.3,1.0,1.0,1.0,5,73
-8,317.80901185985334,2,0.96,,-0.908481433604133,-0.9,1.0,1.0,1.0,5,74
-8,314.08815408300734,2,0.96,,-0.9063163335579688,-0.3,1.0,1.0,1.0,5,75
-8,319.0878855973301,2,0.96,,-0.9966751494450252,-0.9,1.0,1.0,1.0,5,76
-8,315.23723605469263,2,0.96,,-0.9929403103733688,0.2,1.0,1.0,1.0,5,77
13,317.37472005161345,2,0.96,,0.9999806246645508,-0.9,1.0,1.0,1.0,5,78
-8,313.7970334015219,2,0.96,,-0.9964392384434008,-0.3,1.0,1.0,1.0,5,79
13,318.7166446689876,2,0.96,,0.9423929149296436,-0.9,1.0,1.0,1.0,5,80
13,312.9959085828632,2,0.96,,0.9406635577387504,-0.3,1.0,1.0,1.0,5,81
-8,317.81712061481016,2,0.96,,-0.9139495976759408,-0.9,1.0,1.0,1.0,5,82
-8,314.17403719769493,2,0.96,,-0.9117199076685696,-0.3,1.0,1.0,1.0,5,83
13,319.17394045427613,2,0.96,,0.9980041856130604,-0.9,1.0,1.0,1.0,5,84
-8,315.3679514093768,2,0.96,,-0.9981871873035788,0.2,1.0,1.0,1.0,5,85
13,317.34300492354265,2,0.96,,0.9944378161329128,-0.9,1.0,1.0,1.0,5,86
13,313.82829697800065,2,0.96,,0.9980819000087108,-0.3,1.0,1.0,1.0,5,87
-8,318.1395461960015,2,0.96,,-0.8296653182496643,-0.9,1.0,1.0,1.0,5,88
-8,313.6172088640107,2,0.96,,-0.828501378337961,-0.3,1.0,1.0,1.0,5,89
-8,318.46252962187555,2,0.96,,-0.9199941240637716,-0.9,1.0,1.0,1.0,5,90
-8,314.15021516665354,2,0.96,,-0.9173902672268498,-0.3,1.0,1.0,1.0,5,91
13,319.1488200314892,2,0.96,,0.9924207376416626,-0.9,1.0,1.0,1.0,5,92
13,315.3856984027521,2,0.96,,0.9963000579622948,0.2,1.0,1.0,1.0,5,93
13,317.3084987495607,2,0.96,,0.9888955454298156,-0.9,1.0,1.0,1.0,5,94
13,313.8578912522996,2,0.96,,0.9926024571052487,-0.3,1.0,1.0,1.0,5,95
-8,317.04909765195936,2,0.96,,-0.7183908160068052,-0.9,1.0,1.0,1.0,5,96
-8,311.9350644057748,2,0.96,,-0.7188070706824549,-0.3,1.0,1.0,1.0,5,97
-8,316.0971929256393,2,0.96,,-0.8116395199781844,-0.9,1.0,1.0,1.0,5,98
5,311.6081704167202,2,0.96,,-0.8109329311881387,-0.3,1.0,1.0,1.0,5,99
-8,315.92574192657895,2,0.96,,-0.8304581030347035,-0.9,1.0,1.0,1.0,5,100
-8,311.08225613948366,2,0.96,,-0.8293518095907723,-0.3,1.0,1.0,1.0,5,101
-8,315.93088682944733,2,0.96,,-0.9208540318804196,-0.9,1.0,1.0,1.0,5,102
-8,311.5485599318988,2,0.96,,-0.9184073305524064,-0.3,1.0,1.0,1.0,5,103
13,316.54676756105295,2,0.96,,0.9914086003168552,-0.9,1.0,1.0,1.0,5,104
13,312.66510647350566,2,0.96,,0.9951677894722748,-0.3,1.0,1.0,1.0,5,105
-8,317.19843080329645,2,0.96,,-0.8603104945094173,-0.9,1.0,1.0,1.0,5,106
-8,312.83028156111635,2,0.96,,-0.8587695797590248,-0.3,1.0,1.0,1.0,5,107
-8,317.76930418313646,2,0.96,,-0.9498424505096024,-0.9,1.0,1.0,1.0,5,108
-8,313.568792562171,2,0.96,,-0.9468356342520008,-0.3,1.0,1.0,1.0,5,109
13,318.5363493568516,2,0.96,,0.9634316812522666,-0.9,1.0,1.0,1.0,5,110
13,314.9912315926258,2,0.96,,0.9676402178815228,0.2,1.0,1.0,1.0,5,111
13,317.09451518244765,2,0.96,,0.9611921240010292,-0.9,1.0,1.0,1.0,5,112
13,313.98049096132536,2,0.96,,0.96519572972496,-0.3,1.0,1.0,1.0,5,113
-8,317.48439911212523,2,0.96,,-0.7453622422539471,-0.9,1.0,1.0,1.0,5,114
1,265.84393918237066,3,0.96,,0.08083129316734634,-0.3,0.0,0.0,0.0,5,1
1,261.03689214328585,3,0.96,,0.08789084488623343,-0.3,0.0,0.0,0.0,5,2
1,256.26265564241294,3,0.96,,0.09510859228480484,-0.3,0.0,0.0,0.0,5,3
1,251.5245935270279,3,0.96,,0.10249235499131194,-0.3,0.0,0.0,0.0,5,4
1,246.82627361114,3,0.96,,0.11005032228497316,-0.3,0.0,0.0,0.0,5,5
1,242.1714815602644,3,0.96,,0.1177910548978022,-0.3,0.0,0.0,0.0,5,6
1,237.5642353244341,3,0.96,,0.12572348248045226,-0.3,0.0,0.0,0.0,5,7
1,233.008800014319,3,0.96,,0.13385689564011471,-0.3,0.0,0.0,0.0,5,8
1,228.50970307344602,3,0.96,,0.1422009312713898,-0.3,0.0,0.0,0.0,5,9
1,224.07174954836225,3,0.96,,0.15076554969617764,-0.3,0.0,0.0,0.0,5,10
1,219.700037196896,3,0.96,,0.15956100190949174,-0.3,0.0,0.0,0.0,5,11
1,215.3999711013097,3,0.96,,0.16859778500078804,-0.3,0.0,0.0,0.0,5,12
1,211.17727736719127,3,0.96,,0.17788658359466406,-0.3,0.0,0.0,0.0,5,13
1,207.03801538996763,3,0.96,,0.18743819494499864,-0.3,0.0,0.0,0.0,5,14
1,202.98858805921898,3,0.96,,0.1972634351430272,-0.3,0.0,0.0,0.0,5,15
1,199.03574914792634,3,0.96,,0.20737302378982475,-0.3,0.0,0.0,0.0,5,16
1,195.1866070023221,3,0.96,,0.2177774444727468,-0.3,0.0,0.0,0.0,5,17
1,191.44862351312665,3,0.96,,0.2284867785180074,-0.3,0.0,0.0,0.0,5,18
1,187.8296072182737,3,0.96,,0.2395105098210672,-0.3,0.0,0.0,0.0,5,19
1,184.3376992715544,3,0.96,,0.25085729914370364,-0.3,0.0,0.0,0.0,5,20
1,180.98135092536486,3,0.96,,0.262534727176609,-0.3,0.0,0.0,0.0,5,21
1,177.76929113713862,3,0.96,,0.2745490069625021,-0.3,0.0,0.0,0.0,5,22
1,174.7104829397752,3,0.96,,0.2869046680093729,-0.3,0.0,0.0,0.0,5,23
1,171.81406734065843,3,0.96,,0.2996042166248465,-0.3,0.0,0.0,0.0,5,24
1,169.08929375644652,3,0.96,,0.3126477796579893,-0.3,0.0,0.0,0.0,5,25
1,166.5454363739787,3,0.96,,0.32603274187110565,-0.3,0.0,0.0,0.0,5,26
1,164.19169636685092,3,0.96,,0.3397533904283528,-0.3,0.0,0.0,0.0,5,27
1,162.0370905959354,3,0.96,,0.35380058323249314,-0.3,0.0,0.0,0.0,5,28
1,160.09032826615163,3,0.96,,0.3681614607180404,-0.3,0.0,0.0,0.0,5,29
1,158.35967796427298,3,0.96,,0.3828192227828657,-0.3,0.0,0.0,0.0,5,30
1,156.85282850093589,3,0.96,,0.3977529933234869,-0.3,0.0,1.0,0.0,5,31
1,155.5767479367961,3,0.96,,0.4129377938552337,-0.3,1.0,1.0,0.0,5,32
1,154.53754598120173,3,0.96,,0.4283446445691886,-0.3,1.0,1.0,0.0,5,33
9,153.74034549732363,3,0.96,,0.44394080572473577,-0.3,1.0,1.0,1.0,5,34
1,153.88652638020878,3,0.96,,0.5041346090596566,-0.3,1.0,1.0,1.0,5,35
1,154.28172490263702,3,0.96,,0.5200334695211861,-0.3,1.0,1.0,1.0,5,36
1,154.9239156768287,3,0.96,,0.535886261734151,-0.9,1.0,1.0,1.0,5,37
1,148.49394096932366,3,0.96,,0.5350295930680264,-0.3,1.0,1.0,1.0,5,38
6,149.4623815208257,3,0.96,,0.5567958002946387,-0.9,1.0,1.0,1.0,5,39
6,144.64555501829625,3,0.96,,0.5585403923899089,-0.3,1.0,1.0,1.0,5,40
6,146.78836062055117,3,0.96,,0.6360266873250612,-0.9,1.0,1.0,1.0,5,41
6,142.33617447914543,3,0.96,,0.6365333307996086,-0.3,1.0,1.0,1.0,5,42
6,145.4951356083526,3,0.96,,0.7133704120652898,-0.9,1.0,1.0,1.0,5,43
6,140.96995781885857,3,0.96,,0.7116042393892498,-0.3,1.0,1.0,1.0,5,44
6,144.92636541563013,3,0.96,,0.78715791526361,-0.9,1.0,1.0,1.0,5,45
6,140.49214263493627,3,0.96,,0.7830311339418936,-0.3,1.0,1.0,1.0,5,46
6,145.0111866858282,3,0.96,,0.8568359391291204,-0.9,1.0,1.0,1.0,5,47
6,140.8713824747617,3,0.96,,0.8503917087431963,-0.3,1.0,1.0,1.0,5,48
6,145.72770908013672,3,0.96,,0.922175339073752,-0.9,1.0,1.0,1.0,5,49
6,142.11434022837514,3,0.96,,0.9136236866491418,-0.3,1.0,1.0,1.0,5,50
6,147.10768794545592,3,0.96,,0.9832922111518834,-0.9,1.0,1.0,1.0,5,51
6,144.25910173621764,3,0.96,,0.973033576169626,-0.3,1.0,1.0,1.0,5,52
4,149.21977535754738,3,0.96,,-0.9593662210092168,-0.9,1.0,1.0,1.0,5,53
4,147.3497002779981,3,0.96,,-0.9707468063706952,-0.3,1.0,1.0,1.0,5,54
4,152.22404444262585,3,0.96,,-0.9272936119892156,-0.9,1.0,1.0,1.0,5,55
4,151.33975442663964,3,0.96,,-0.9386849420224994,-0.3,1.0,1.0,1.0,5,56
18,156.08473424185127,3,0.96,,-0.8962537486044844,-0.9,1.0,1.0,1.0,5,57
4,156.08320151338918,3,0.96,,-0.9074597248582076,-0.3,1.0,1.0,1.0,5,58
18,160.04598026258287,3,0.96,,-0.7881604137803364,-0.3,1.0,1.0,1.0,5,59
18,162.96352702873844,3,0.96,,-0.6943010509204429,-0.3,1.0,0.0,1.0,5,60
18,164.61137142586858,3,0.96,,-0.6023044951207286,-0.3,0.0,0.0,1.0,5,61
18,164.86738468946518,3,0.96,,-0.51147920931393,-0.3,0.0,0.0,0.0,5,62
1,163.71288000541242,3,0.96,,-0.4211279230729344,-0.3,0.0,0.0,0.0,5,63
1,162.61832324162955,3,0.96,,-0.42499842087376666,-0.3,0.0,0.0,0.0,5,64
1,161.58526931634128,3,0.96,,-0.42896088002280497,-0.3,0.0,0.0,0.0,5,65
1,160.6152225594651,3,0.96,,-0.4330121021295101,-0.3,0.0,0.0,0.0,5,66
1,159.7096291177001,3,0.96,,-0.437148504909932,-0.3,0.0,0.0,0.0,5,67
1,158.86986928841267,3,0.96,,-0.4413661212725569,-0.3,0.0,0.0,0.0,5,68
1,158.0972498639649,3,0.96,,-0.44566060200613256,-0.3,0.0,0.0,0.0,5,69
1,157.39299657476266,3,0.96,,-0.45002722231503145,-0.3,0.0,0.0,0.0,5,70
1,156.7582467244927,3,0.96,,-0.454460892391207,-0.3,0.0,0.0,0.0,5,71
1,156.19404211445578,3,0.96,,-0.4589561721444668,-0.3,0.0008,0.0,0.0,5,72
1,155.70132235531997,3,0.96,,-0.4635072901358875,-0.3,0.0064,0.0,0.004,5,73
1,155.28091866379197,3,0.96,,-0.4681081666745124,-0.3,0.0064,0.0012,0.0064,5,74
1,154.93354823848327,3,0.96,,-0.4727524409473292,-0.3,0.0064,0.0052,0.0064,5,75
1,154.65980930357182,3,0.96,,-0.4774335019597792,-0.3,0.0108,0.0108,0.0064,5,76
1,154.46017690074981,3,0.96,,-0.4821445229718185,-0.3,0.0244,0.0244,0.0168,5,77
18,154.33499949953932,3,0.96,,-0.48687849902630104,-0.3,0.0324,0.0324,0.0324,5,78
1,152.82147579485144,3,0.96,,-0.3971838426411418,-0.3,0.0324,0.0308,0.0336,5,79
1,151.3738406243728,3,0.96,,-0.4015057294060437,-0.3,0.0324,0.0308,0.0392,5,80
1,149.99444887522992,3,0.96,,-0.4059665227647412,-0.3,0.0324,0.027999999999999997,0.0364,5,81
1,148.6856257205063,3,0.96,,-0.4105637696005629,-0.3,0.0324,0.027999999999999997,0.0364,5,82
1,147.44965415609494,3,0.96,,-0.4152943803454825,-0.3,0.026000000000000002,0.024,0.0284,5,83
1,146.28876180210742,3,0.96,,-0.42015460105457103,-0.3,0.026000000000000002,0.022000000000000002,0.026000000000000002,5,84
1,145.2051070862359,3,0.96,,-0.4251399909435024,-0.3,0.026000000000000002,0.0204,0.026000000000000002,5,85
1,144.20076495449086,3,0.96,,-0.4302454064416388,-0.3,0.0216,0.0188,0.0244,5,86
1,143.27771228218063,3,0.96,,-0.4354649927783367,-0.3,0.0096,0.0156,0.0112,5,87
1,142.4378131836474,3,0.96,,-0.440792184043351,-0.3,0.0108,0.008,0.0108,5,88
1,141.68280444180144,3,0.96,,-0.4462197125403245,-0.3,0.0136,0.0136,0.0136,5,89
1,141.01428129655187,3,0.96,,-0.4517396280842807,-0.3,0.0136,0.0136,0.0136,5,90
1,140.43368384349148,3,0.96,,-0.4573433276812419,-0.3,0.0136,0.013999999999999999,0.0136,5,91
1,139.94228429948146,3,0.96,,-0.4630215957750501,-0.3,0.0136,0.0136,0.0136,5,92
1,139.54117538915384,3,0.96,,-0.4687646549606853,-0.3,0.0136,0.0136,0.0212,5,93
1,139.23126009519476,3,0.96,,-0.4745622267553341,-0.3,0.0136,0.0136,0.024,5,94
18,139.0132429953874,3,0.96,,-0.4804036017012785,-0.3,0.0144,0.013999999999999999,0.0136,5,95
1,137.42755155429114,3,0.96,,-0.3918332733188257,-0.3,0.02,0.0168,0.0136,5,96
1,135.92340222104514,3,0.96,,-0.3971986197352324,-0.3,0.0204,0.0116,0.0292,5,97
1,134.50399624926789,3,0.96,,-0.40274911922925977,-0.3,0.0344,0.02,0.034,5,98
5,133.17248235478314,3,0.96,,-0.4084806833748653,-0.3,0.0492,0.0444,0.0404,5,99
1,131.59536603134822,3,0.96,,-0.3921658444262129,-0.3,0.0712,0.0608,0.0576,5,100
1,130.107300441494,3,0.96,,-0.3980196062612049,-0.3,0.0732,0.0688,0.07,5,101
1,128.7118350527828,3,0.96,,-0.404076769111392,-0.3,0.0748,0.0732,0.0804,5,102
1,127.41244421644274,3,0.96,,-0.4103319136833979,-0.3,0.0804,0.0696,0.0808,5,103
1,126.21249692334423,3,0.96,,-0.4167781633905269,-1.0,0.0752,0.0676,0.0804,5,104
1,126.16498477989443,3,0.96,,-0.4234071256855191,-1.0,0.0732,0.0676,0.0804,5,105
1,126.11438660723542,3,0.96,,-0.4183416258429757,-1.0,0.0732,0.0676,0.08,5,106
1,126.06071411171094,3,0.96,,-0.4132743462431009,-1.0,0.0732,0.0676,0.08,5,107
1,126.00397972472315,3,0.96,,-0.40820517285729535,-0.3,0.0732,0.0676,0.08,5,108
1,124.59713756683928,3,0.96,,-0.4031339916760059,-0.3,0.0688,0.0648,0.0712,5,109
1,123.29217349776658,3,0.96,,-0.4097680699885221,-0.3,0.0624,0.0592,0.0688,5,110
1,122.09275781754809,3,0.96,,-0.4166092240412824,-1.0,0.0528,0.0524,0.0624,5,111
1,122.04539762155173,3,0.96,,-0.4236477445978605,-1.0,0.0528,0.0524,0.0624,5,112
1,121.99496088863629,3,0.96,,-0.4185988802006883,-1.0,0.0528,0.0524,0.0592,5,113
1,121.9414591747387,3,0.96,,-0.4135481951621676,-1.0,0.0524,0.0524,0.0592,5,114
1,121.88490475199309,3,0.96,,-0.4084955727475292,-1.0,0.0524,0.0524,0.0592,5,115
1,121.82531060841448,3,0.96,,-0.40344089622388574,-1.0,0.0524,0.0524,0.0564,5,116
1,121.76269044755614,3,0.96,,-0.3983840488620094,-1.0,0.0524,0.0524,0.0564,5,117
1,121.69705868813942,3,0.96,,-0.3933249139384024,-1.0,0.0524,0.0524,0.0564,5,118
1,121.628430463655,3,0.96,,-0.3882633747376849,-1.0,0.0524,0.0524,0.0544,5,119
1,121.55682162193344,3,0.96,,-0.383199314555313,-1.0,0.0524,0.0524,0.0544,5,120
1,121.48224872468387,3,0.96,,-0.3781326167006506,-1.0,0.0524,0.0524,0.0544,5,121
1,121.40472904699895,3,0.96,,-0.3730631645004076,-1.0,0.0524,0.0524,0.0528,5,122
1,121.32428057682456,3,0.96,,-0.3679908413024687,-1.0,0.0524,0.0516,0.0528,5,123
1,121.24092201439169,3,0.96,,-0.3629155304801309,-1.0,0.0524,0.0516,0.0528,5,124
1,121.15467277160984,3,0.96,,-0.3578371154367655,-1.0,0.0516,0.0516,0.0524,5,125
1,121.06555297141823,3,0.96,,-0.3527554796109296,-1.0,0.0516,0.0516,0.0524,5,126
1,120.97358344709416,3,0.96,,-0.3476705064819417,-1.0,0.0516,0.0516,0.0524,5,127
1,120.8787857415152,3,0.96,,-0.3425820795759454,-1.0,0.0516,0.0516,0.0524,5,128
1,120.78118210637354,3,0.96,,-0.3374900824724799,-1.0,0.05,0.05,0.0524,5,129
1,120.68079550133952,3,0.96,,-0.3323943988115785,-1.0,0.05,0.05,0.0524,5,130
1,120.57764959317213,3,0.96,,-0.3272949123014135,-1.0,0.05,0.05,0.0524,5,131
-4,265.84393918237066,4,0.96,,0.08083129316734634,-0.3,0.0,0.0,0.0,5,1
-4,260.93452433261155,4,0.96,,0.060113067108455535,-0.3,0.0,0.0,0.0,5,2
-4,255.97280626246328,4,0.96,,0.03903589295076459,-0.3,0.0,0.0,0.0,5,3
-4,250.98057667514567,4,0.96,,0.01757426242232924,-0.3,0.0,0.0,0.0,5,4
-4,245.9810417362655,4,0.96,,-0.004298025573369689,-0.3,0.0,0.0,0.0,5,5
-4,240.99886147357796,4,0.96,,-0.02660761011820184,-0.3,0.0,0.0,0.0,5,6
-4,236.06017281606563,4,0.96,,-0.04938121768782436,-0.3,0.0,0.0,0.0,5,7
-4,231.19258895629426,4,0.96,,-0.07264519689513631,-0.3,0.0,0.0,0.0,5,8
-4,226.4251660833254,4,0.96,,-0.09642491935379725,-0.3,0.0,0.0,0.0,5,9
-4,221.78832689732536,4,0.96,,-0.12074402896094573,-0.3,0.0,0.0,0.0,5,10
-4,217.31372888841344,4,0.96,,-0.1456235261416922,-0.3,0.0,0.0,0.0,5,11
-4,213.03406444893963,4,0.96,,-0.17108068162581438,-0.3,0.0,0.0,0.0,5,12
-4,208.98277990546393,4,0.96,,-0.1971277872005939,-0.3,0.0,0.0,0.0,5,13
-4,205.19370200944644,4,0.96,,-0.2237707694137653,-0.3,0.0,0.0016,0.002,5,14
-4,201.70056385200306,4,0.96,,-0.25100771654830295,-0.3,0.0148,0.0076,0.0192,5,15
-4,198.53642802757335,4,0.96,,-0.27882739834381076,-0.3,0.0336,0.0328,0.0296,5,16
-4,195.73301337669565,4,0.96,,-0.3072078891573216,-0.3,0.0436,0.0452,0.0384,5,17
-4,193.3199425485693,4,0.96,,-0.33611543368680596,-0.3,0.0584,0.056,0.048,5,18
4,191.323940053704,4,0.96,,-0.3655037131480692,-0.3,0.0568,0.0556,0.0484,5,19
4,189.11878780715236,4,0.96,,-0.35086922644901575,-0.3,0.0568,0.046,0.052,5,20
-4,186.7080206677894,4,0.96,,-0.3361564668766388,-0.3,0.0516,0.0424,0.0552,5,21
4,184.71824232644175,4,0.96,,-0.3657991054670201,-0.3,0.046,0.0408,0.0556,5,22
-4,182.52308437762062,4,0.96,,-0.35143929395705814,-0.3,0.0328,0.0368,0.0452,5,23
4,180.76365397866738,4,0.96,,-0.3814494371760003,-0.3,0.024,0.0296,0.04,5,24
-4,178.79939620922192,4,0.96,,-0.3674290950011561,-0.3,0.022,0.024,0.0372,5,25
4,177.28486837938172,4,0.96,,-0.3977926076901519,-0.3,0.02,0.0336,0.024,5,26
4,175.5663072570322,4,0.96,,-0.3840899326690365,-0.3,0.0208,0.0208,0.0108,5,27
-4,173.6461616316051,4,0.96,,-0.37033953239209083,-0.3,0.0208,0.0136,0.0124,5,28
-4,172.18150696134134,4,0.96,,-0.40097826968575884,-0.3,0.0168,0.0136,0.02,5,29
4,171.19124282349804,4,0.96,,-0.4320013840927542,-0.3,0.0404,0.0184,0.0564,5,30
4,169.99941679916373,4,0.96,,-0.4188659775401817,-0.3,0.0632,0.048,0.0696,5,31
4,168.60762950127057,4,0.96,,-0.4057045870404136,-0.3,0.0672,0.0628,0.0672,5,32
4,167.01775545290923,4,0.96,,-0.39251177919548447,-0.3,0.064,0.0528,0.0672,5,33
9,165.23194333804997,4,0.96,,-0.3792818076038428,-0.3,0.0452,0.0384,0.064,5,34
-4,162.85744853519202,4,0.96,,-0.3382307692869738,-0.3,0.0376,0.0332,0.0512,5,35
-4,160.92244003416178,4,0.96,,-0.368991556882188,-0.3,0.0316,0.0436,0.0308,5,36
4,159.4524910930759,4,0.96,,-0.4002792595039058,-0.3,0.0308,0.0392,0.0284,5,37
4,157.79245318283168,4,0.96,,-0.38755396640376727,-0.3,0.0324,0.0252,0.0384,5,38
-4,155.94448221736909,4,0.96,,-0.37479665394588335,-0.3,0.0368,0.0292,0.0388,5,39
4,154.57011710620202,4,0.96,,-0.4064467538932829,-0.3,0.0448,0.0364,0.0468,5,40
4,153.00987731948948,4,0.96,,-0.3940812014245667,-0.3,0.0536,0.046,0.0512,5,41
4,151.26573940193958,4,0.96,,-0.381691589663558,-0.3,0.0532,0.0476,0.056,5,42
4,149.33991660345455,4,0.96,,-0.3692740490898043,-0.3,0.0624,0.0704,0.0532,5,43
4,147.23485758237555,4,0.96,,-0.3568244034175791,-1.0,0.082,0.0852,0.0664,5,44
4,147.1410102131308,4,0.96,,-0.3443381121585889,-1.0,0.082,0.0852,0.0704,5,45
4,147.03527119102296,4,0.96,,-0.3224978379454895,-1.0,0.0852,0.0852,0.0744,5,46
4,146.91813058711128,4,0.96,,-0.3006429943850147,-1.0,0.0852,0.0852,0.0744,5,47
-4,146.79013252912938,4,0.96,,-0.27877184602360716,-1.0,0.0852,0.0852,0.0744,5,48
4,146.67334091114583,4,0.96,,-0.3013271660427398,-1.0,0.0852,0.0852,0.0784,5,49
-4,146.54567428576357,4,0.96,,-0.27945714962222856,-1.0,0.0852,0.088,0.0784,5,50
4,146.42923336243675,4,0.96,,-0.30201362346458827,-1.0,0.088,0.088,0.0784,5,51
-4,146.301899871693,4,0.96,,-0.28014474131278344,-1.0,0.088,0.088,0.0784,5,52
4,146.18581135812312,4,0.96,,-0.3027023717073608,-1.0,0.088,0.088,0.082,5,53
-4,146.05881271088268,4,0.96,,-0.2808346261246095,-1.0,0.088,0.09,0.0784,5,54
4,145.94307832851342,4,0.96,,-0.3033934157758619,-1.0,0.09,0.09,0.082,5,55
4,145.8164162404445,4,0.96,,-0.2815268090344729,-1.0,0.09,0.0888,0.0852,5,56
-4,145.6794158778821,4,0.96,,-0.2596423161773076,-1.0,0.09,0.09,0.082,5,57
4,145.5530733060931,4,0.96,,-0.28218276175341933,-1.0,0.09,0.0888,0.0852,5,58
-4,145.41637431626225,4,0.96,,-0.2602994504053256,-1.0,0.09,0.09,0.0852,5,59
4,145.29035295827214,4,0.96,,-0.28284109036312943,-1.0,0.0888,0.09,0.0852,5,60
-4,145.15395701909645,4,0.96,,-0.26095896397013757,-1.0,0.0888,0.0888,0.0852,5,61
4,145.02825858044952,4,0.96,,-0.2835018021327822,-1.0,0.0888,0.0888,0.088,5,62
-4,144.89216737824083,4,0.96,,-0.26162086412451446,-1.0,0.0888,0.0888,0.088,5,63
4,144.76679357250475,4,0.96,,-0.2841649043021375,-1.0,0.0872,0.0888,0.088,5,64
-4,144.63100880196697,4,0.96,,-0.2622851580912562,-1.0,0.0872,0.0872,0.088,5,65
4,144.50596135073016,4,0.96,,-0.28483040408044574,-1.0,0.0872,0.0872,0.09,5,66
-4,144.37048471496237,4,0.96,,-0.26295185306209307,-1.0,0.0872,0.0872,0.088,5,67
4,144.24576534783014,4,0.96,,-0.28549830864534215,-1.0,0.0872,0.0872,0.09,5,68
-4,144.11059855832866,4,0.96,,-0.263620956196573,-1.0,0.0872,0.0872,0.09,5,69
4,143.98620901291855,4,0.96,,-0.28616862514172525,-1.0,0.0856,0.0872,0.09,5,70
-4,143.85135378957813,4,0.96,,-0.2642924746209321,-1.0,0.0856,0.0856,0.09,5,71
4,143.72729581151418,4,0.96,,-0.2868413606806204,-1.0,0.0856,0.0856,0.0888,5,72
-4,143.5927538826282,4,0.96,,-0.26496641542695115,-1.0,0.0856,0.0856,0.0888,5,73
4,143.4690292255342,4,0.96,,-0.2875165223380283,-1.0,0.0856,0.0856,0.0888,5,74
-4,143.33480232779385,4,0.96,,-0.2656427856707959,-0.3,0.0856,0.0856,0.0888,5,75
4,140.303047612844,4,0.96,,-0.28819411715375676,-0.3,0.0804,0.0804,0.0808,5,76
-4,137.10727062314638,4,0.96,,-0.2748967218630753,-0.3,0.0768,0.0768,0.0796,5,77
4,134.30696732242126,4,0.96,,-0.30594446641473344,-0.3,0.07,0.07,0.0684,5,78
-4,131.3457199993043,4,0.96,,-0.2934390745872556,-0.3,0.0656,0.0656,0.0628,5,79
4,128.8081293174692,4,0.96,,-0.3253169659137088,-0.3,0.0528,0.0528,0.0472,5,80
-4,126.11403201693527,4,0.96,,-0.3136382917057415,-0.3,0.0496,0.05,0.0412,5,81
-4,123.8727705761512,4,0.96,,-0.3463805172475416,-0.3,0.048,0.0496,0.0412,5,82
4,122.1204589338025,4,0.96,,-0.37998598294678754,-0.3,0.0404,0.0404,0.0468,5,83
4,120.22062598139617,4,0.96,,-0.36988390073855704,-0.3,0.0208,0.0208,0.0284,5,84
-4,118.17564729302106,4,0.96,,-0.35981247160949004,-0.3,0.0128,0.0128,0.0148,5,85
-4,116.64027707783323,4,0.96,,-0.3942201925939534,-0.3,0.0128,0.0128,0.0128,5,86
4,115.64241110097767,4,0.96,,-0.429344357411357,-0.3,0.0128,0.0128,0.0128,5,87
-4,114.50989508086063,4,0.96,,-0.4205511356236081,-0.3,0.0128,0.0116,0.0128,5,88
4,113.93246807822833,4,0.96,,-0.4562454818847276,-0.3,0.008,0.008,0.0084,5,89
4,113.22470715833931,4,0.96,,-0.44786509050736706,-0.3,0.008,0.008,0.008,5,90
4,112.38763467246116,4,0.96,,-0.4395156956826005,-0.3,0.008,0.008,0.0064,5,91
-4,111.42246500626192,4,0.96,,-0.43120426322675665,-0.3,0.0036,0.0036,0.0044,5,92
4,111.02247532262804,4,0.96,,-0.46738256080632207,-0.3,0.0,0.0,0.0,5,93
-4,110.49820591338855,4,0.96,,-0.4594252968088756,-0.3,0.0,0.0,0.0,5,94
4,110.54752838160832,4,0.96,,-0.49593885839428514,-0.3,0.0,0.0,0.0,5,95
4,110.47396850439272,4,0.96,,-0.48811734623313763,-0.3,0.0,0.0,0.0,5,96
4,110.27763951241953,4,0.96,,-0.4802965558184419,-0.3,1.0,1.0,1.0,5,97
5,109.9588439239053,4,0.96,,-0.47248381828447467,-0.3,1.0,1.0,1.0,5,98
5,109.43104938433314,4,0.96,,-0.45913097765413935,-0.3,1.0,1.0,1.0,5,99
5,108.69526515118822,4,0.96,,-0.4457822840515482,-0.3,1.0,1.0,1.0,5,100
5,107.75289835259774,4,0.96,,-0.4324398702069824,0.2,1.0,1.0,1.0,5,101
5,105.98285369324289,4,0.96,,-0.4200272570339021,-0.3,1.0,1.0,1.0,5,102
5,104.23143315617942,4,0.96,,-0.379022346474838,0.2,1.0,1.0,1.0,5,103
5,101.58804472427155,4,0.96,,-0.3647790690588672,-0.3,1.0,1.0,1.0,5,104
5,99.04678532454427,4,0.96,,-0.3235025055997655,0.2,1.0,1.0,1.0,5,105
5,95.6930944875928,4,0.96,,-0.3097042914163342,-0.3,1.0,1.0,1.0,5,106
5,92.43709822367688,4,0.96,,-0.26790016989452536,0.2,1.0,1.0,1.0,5,107
5,88.47713059581575,4,0.96,,-0.2548388741642597,-0.3,1.0,1.0,1.0,5,108
5,84.60412520191758,4,0.96,,-0.2121983645026691,0.2,1.0,1.0,1.0,5,109
5,80.15944743777067,4,0.96,,-0.20023946750867022,-0.3,1.0,1.0,1.0,5,110
5,75.78743355480289,4,0.96,,-0.1563689731299058,-0.3,1.0,1.0,1.0,5,111
5,71.28447238897485,4,0.96,,-0.1384991311820721,0.2,1.0,1.0,1.0,5,112
5,66.08894996709162,4,0.96,,-0.11906296039178758,-0.3,1.0,1.0,1.0,5,113
5,61.227757756276525,4,0.96,,-0.07230772308422106,-0.3,1.0,1.0,1.0,5,114
5,56.29578151161292,4,0.96,,-0.05038443810064299,-0.3,1.0,1.0,1.0,5,115
